state,biden_pct,trump_pct,winner,margin,political_lean,urban_pct,rural_pct,urban_rural_class,year,vax_rate
AL,36.6,62.0,Trump,25.4,Red,59.0,41.0,Mixed,2020,0.0004315132865034076
AL,36.6,62.0,Trump,25.4,Red,59.0,41.0,Mixed,2021,27.197961973305553
AL,36.6,62.0,Trump,25.4,Red,59.0,41.0,Mixed,2022,50.618607481275326
AL,36.6,62.0,Trump,25.4,Red,59.0,41.0,Mixed,2023,53.15234356529695
AK,42.8,52.8,Trump,10.0,Red,66.0,34.0,Urban,2020,0.0028706368029307833
AK,42.8,52.8,Trump,10.0,Red,66.0,34.0,Urban,2021,36.742884102392786
AK,42.8,52.8,Trump,10.0,Red,66.0,34.0,Urban,2022,61.317762494586894
AK,42.8,52.8,Trump,10.0,Red,66.0,34.0,Urban,2023,65.1214678666744
AZ,49.4,49.1,Biden,0.3,Blue,89.8,10.2,Urban,2020,0.0007180270629389334
AZ,49.4,49.1,Biden,0.3,Blue,89.8,10.2,Urban,2021,35.10941064333028
AZ,49.4,49.1,Biden,0.3,Blue,89.8,10.2,Urban,2022,60.909565201162195
AZ,49.4,49.1,Biden,0.3,Blue,89.8,10.2,Urban,2023,66.05680716301484
AR,34.8,62.4,Trump,27.6,Red,56.2,43.8,Mixed,2020,0.0015033587685824388
AR,34.8,62.4,Trump,27.6,Red,56.2,43.8,Mixed,2021,30.400864654862975
AR,34.8,62.4,Trump,27.6,Red,56.2,43.8,Mixed,2022,53.98264093479555
AR,34.8,62.4,Trump,27.6,Red,56.2,43.8,Mixed,2023,56.876793784312596
CA,63.5,34.3,Biden,29.2,Blue,95.0,5.0,Urban,2020,0.0007101067114558982
CA,63.5,34.3,Biden,29.2,Blue,95.0,5.0,Urban,2021,39.907678514486825
CA,63.5,34.3,Biden,29.2,Blue,95.0,5.0,Urban,2022,71.1077102420323
CA,63.5,34.3,Biden,29.2,Blue,95.0,5.0,Urban,2023,74.71197430409532
CO,55.4,41.9,Biden,13.5,Blue,86.2,13.8,Urban,2020,8.408277898410163e-05
CO,55.4,41.9,Biden,13.5,Blue,86.2,13.8,Urban,2021,28.115270434345312
CO,55.4,41.9,Biden,13.5,Blue,86.2,13.8,Urban,2022,69.72181822805987
CO,55.4,41.9,Biden,13.5,Blue,86.2,13.8,Urban,2023,73.53842195487636
CT,59.3,39.2,Biden,20.1,Blue,88.0,12.0,Urban,2020,0.0005388213155291419
CT,59.3,39.2,Biden,20.1,Blue,88.0,12.0,Urban,2021,47.184924546661115
CT,59.3,39.2,Biden,20.1,Blue,88.0,12.0,Urban,2022,78.55616269911107
CT,59.3,39.2,Biden,20.1,Blue,88.0,12.0,Urban,2023,83.0535854255359
DE,58.7,39.8,Biden,18.9,Blue,83.3,16.7,Urban,2020,0.0004323969992513046
DE,58.7,39.8,Biden,18.9,Blue,83.3,16.7,Urban,2021,39.508710248096456
DE,58.7,39.8,Biden,18.9,Blue,83.3,16.7,Urban,2022,68.38349870273417
DE,58.7,39.8,Biden,18.9,Blue,83.3,16.7,Urban,2023,73.31344090938278
DC,92.1,5.4,Biden,86.7,Blue,100.0,0.0,Urban,2020,0.008344997561754287
DC,92.1,5.4,Biden,86.7,Blue,100.0,0.0,Urban,2021,40.77488296364902
DC,92.1,5.4,Biden,86.7,Blue,100.0,0.0,Urban,2022,74.20072749769285
DC,92.1,5.4,Biden,86.7,Blue,100.0,0.0,Urban,2023,90.35573330044056
FL,47.9,51.2,Trump,3.3,Red,91.2,8.8,Urban,2020,0.002017511386202765
FL,47.9,51.2,Trump,3.3,Red,91.2,8.8,Urban,2021,38.121208697198774
FL,47.9,51.2,Trump,3.3,Red,91.2,8.8,Urban,2022,66.45819622430426
FL,47.9,51.2,Trump,3.3,Red,91.2,8.8,Urban,2023,69.47624563886536
GA,49.5,49.3,Biden,0.2,Blue,75.1,24.9,Urban,2020,0.0006384738903612537
GA,49.5,49.3,Biden,0.2,Blue,75.1,24.9,Urban,2021,30.37300652730816
GA,49.5,49.3,Biden,0.2,Blue,75.1,24.9,Urban,2022,54.20667403872933
GA,49.5,49.3,Biden,0.2,Blue,75.1,24.9,Urban,2023,57.32269050894732
HI,63.7,34.3,Biden,29.4,Blue,91.9,8.1,Urban,2020,0.0
HI,63.7,34.3,Biden,29.4,Blue,91.9,8.1,Urban,2021,0.0
HI,63.7,34.3,Biden,29.4,Blue,91.9,8.1,Urban,2022,0.0
HI,63.7,34.3,Biden,29.4,Blue,91.9,8.1,Urban,2023,0.0
ID,33.1,63.9,Trump,30.8,Red,70.6,29.4,Mixed,2020,0.0004947836403912502
ID,33.1,63.9,Trump,30.8,Red,70.6,29.4,Mixed,2021,29.612961698237207
ID,33.1,63.9,Trump,30.8,Red,70.6,29.4,Mixed,2022,53.26178642577318
ID,33.1,63.9,Trump,30.8,Red,70.6,29.4,Mixed,2023,56.485460502938736
IL,57.5,40.6,Biden,16.9,Blue,88.5,11.5,Urban,2020,0.0014624242993464334
IL,57.5,40.6,Biden,16.9,Blue,88.5,11.5,Urban,2021,37.71884265613864
IL,57.5,40.6,Biden,16.9,Blue,88.5,11.5,Urban,2022,67.98229665325721
IL,57.5,40.6,Biden,16.9,Blue,88.5,11.5,Urban,2023,71.30477599823553
IN,41.0,57.0,Trump,16.0,Red,72.4,27.6,Urban,2020,0.0013735988714943218
IN,41.0,57.0,Trump,16.0,Red,72.4,27.6,Urban,2021,33.58290782533758
IN,41.0,57.0,Trump,16.0,Red,72.4,27.6,Urban,2022,54.59478170075375
IN,41.0,57.0,Trump,16.0,Red,72.4,27.6,Urban,2023,57.75531460218235
IA,44.9,53.1,Trump,8.2,Red,64.0,36.0,Mixed,2020,0.00015180245396173543
IA,44.9,53.1,Trump,8.2,Red,64.0,36.0,Mixed,2021,37.9949585817756
IA,44.9,53.1,Trump,8.2,Red,64.0,36.0,Mixed,2022,61.53878060164133
IA,44.9,53.1,Trump,8.2,Red,64.0,36.0,Mixed,2023,64.3924607227832
KS,41.6,56.2,Trump,14.6,Red,74.2,25.8,Urban,2020,0.00022040372687526808
KS,41.6,56.2,Trump,14.6,Red,74.2,25.8,Urban,2021,35.213608498821955
KS,41.6,56.2,Trump,14.6,Red,74.2,25.8,Urban,2022,60.89229442694947
KS,41.6,56.2,Trump,14.6,Red,74.2,25.8,Urban,2023,65.340525745269
KY,36.2,62.1,Trump,25.9,Red,58.4,41.6,Mixed,2020,0.0007457078768675373
KY,36.2,62.1,Trump,25.9,Red,58.4,41.6,Mixed,2021,34.855336124552764
KY,36.2,62.1,Trump,25.9,Red,58.4,41.6,Mixed,2022,56.920650144912535
KY,36.2,62.1,Trump,25.9,Red,58.4,41.6,Mixed,2023,59.62144758108916
LA,39.9,58.5,Trump,18.6,Red,73.2,26.8,Urban,2020,0.0023062008408156927
LA,39.9,58.5,Trump,18.6,Red,73.2,26.8,Urban,2021,30.751202693718515
LA,39.9,58.5,Trump,18.6,Red,73.2,26.8,Urban,2022,52.99039564526484
LA,39.9,58.5,Trump,18.6,Red,73.2,26.8,Urban,2023,55.01833605152557
ME,53.1,44.0,Biden,9.1,Blue,38.7,61.3,Rural,2020,0.0006695372456130431
ME,53.1,44.0,Biden,9.1,Blue,38.7,61.3,Rural,2021,47.62201587657263
ME,53.1,44.0,Biden,9.1,Blue,38.7,61.3,Rural,2022,79.08668328950249
ME,53.1,44.0,Biden,9.1,Blue,38.7,61.3,Rural,2023,83.35994384970917
MD,65.4,32.2,Biden,33.2,Blue,87.2,12.8,Urban,2020,0.000668593981679132
MD,65.4,32.2,Biden,33.2,Blue,87.2,12.8,Urban,2021,43.62371319867391
MD,65.4,32.2,Biden,33.2,Blue,87.2,12.8,Urban,2022,74.86127895010601
MD,65.4,32.2,Biden,33.2,Blue,87.2,12.8,Urban,2023,79.7554774213723
MA,65.6,32.1,Biden,33.5,Blue,92.0,8.0,Urban,2020,0.00024129955325907613
MA,65.6,32.1,Biden,33.5,Blue,92.0,8.0,Urban,2021,46.739110436964566
MA,65.6,32.1,Biden,33.5,Blue,92.0,8.0,Urban,2022,78.42768317089764
MA,65.6,32.1,Biden,33.5,Blue,92.0,8.0,Urban,2023,84.28686097129928
MI,50.6,47.8,Biden,2.8,Blue,74.7,25.3,Urban,2020,0.00022028952652471145
MI,50.6,47.8,Biden,2.8,Blue,74.7,25.3,Urban,2021,36.57887580825561
MI,50.6,47.8,Biden,2.8,Blue,74.7,25.3,Urban,2022,59.65090128211919
MI,50.6,47.8,Biden,2.8,Blue,74.7,25.3,Urban,2023,62.392648447328
MN,52.4,45.3,Biden,7.1,Blue,73.3,26.7,Urban,2020,0.0003079708224336549
MN,52.4,45.3,Biden,7.1,Blue,73.3,26.7,Urban,2021,40.90038756439214
MN,52.4,45.3,Biden,7.1,Blue,73.3,26.7,Urban,2022,68.65518221119792
MN,52.4,45.3,Biden,7.1,Blue,73.3,26.7,Urban,2023,72.17605781071494
MS,41.1,57.6,Trump,16.5,Red,49.4,50.6,Rural,2020,0.00032008867128203875
MS,41.1,57.6,Trump,16.5,Red,49.4,50.6,Rural,2021,28.93585406869244
MS,41.1,57.6,Trump,16.5,Red,49.4,50.6,Rural,2022,51.32535091316724
MS,41.1,57.6,Trump,16.5,Red,49.4,50.6,Rural,2023,53.669888238299336
MO,41.4,56.8,Trump,15.4,Red,70.4,29.6,Urban,2020,0.0003661743031531501
MO,41.4,56.8,Trump,15.4,Red,70.4,29.6,Urban,2021,32.676891353382146
MO,41.4,56.8,Trump,15.4,Red,70.4,29.6,Urban,2022,55.65288987754881
MO,41.4,56.8,Trump,15.4,Red,70.4,29.6,Urban,2023,59.06827145799425
MT,40.6,56.9,Trump,16.3,Red,55.9,44.1,Mixed,2020,0.0024671560466843047
MT,40.6,56.9,Trump,16.3,Red,55.9,44.1,Mixed,2021,34.82086993372562
MT,40.6,56.9,Trump,16.3,Red,55.9,44.1,Mixed,2022,56.389069021121706
MT,40.6,56.9,Trump,16.3,Red,55.9,44.1,Mixed,2023,59.15327204477795
NE,39.2,58.2,Trump,19.0,Red,73.1,26.9,Urban,2020,0.0015154915340344027
NE,39.2,58.2,Trump,19.0,Red,73.1,26.9,Urban,2021,37.96471135864978
NE,39.2,58.2,Trump,19.0,Red,73.1,26.9,Urban,2022,63.00424729426264
NE,39.2,58.2,Trump,19.0,Red,73.1,26.9,Urban,2023,66.29756602808878
NV,50.1,47.7,Biden,2.4,Blue,94.2,5.8,Urban,2020,0.00013669847617424162
NV,50.1,47.7,Biden,2.4,Blue,94.2,5.8,Urban,2021,34.45735233798067
NV,50.1,47.7,Biden,2.4,Blue,94.2,5.8,Urban,2022,60.16904105522993
NV,50.1,47.7,Biden,2.4,Blue,94.2,5.8,Urban,2023,63.71308705416902
NH,52.7,45.4,Biden,7.3,Blue,60.3,39.7,Mixed,2020,0.0
NH,52.7,45.4,Biden,7.3,Blue,60.3,39.7,Mixed,2021,38.77953456729217
NH,52.7,45.4,Biden,7.3,Blue,60.3,39.7,Mixed,2022,69.74432519399059
NH,52.7,45.4,Biden,7.3,Blue,60.3,39.7,Mixed,2023,71.97768302854139
NJ,57.3,41.4,Biden,15.9,Blue,94.7,5.3,Urban,2020,0.00022279948621016353
NJ,57.3,41.4,Biden,15.9,Blue,94.7,5.3,Urban,2021,43.705712217369815
NJ,57.3,41.4,Biden,15.9,Blue,94.7,5.3,Urban,2022,74.87211888521024
NJ,57.3,41.4,Biden,15.9,Blue,94.7,5.3,Urban,2023,79.13969770731626
NM,54.3,43.5,Biden,10.8,Blue,77.4,22.6,Urban,2020,0.000946291054881342
NM,54.3,43.5,Biden,10.8,Blue,77.4,22.6,Urban,2021,43.63097710027464
NM,54.3,43.5,Biden,10.8,Blue,77.4,22.6,Urban,2022,70.3941941342416
NM,54.3,43.5,Biden,10.8,Blue,77.4,22.6,Urban,2023,75.22816846922562
NY,60.9,37.7,Biden,23.2,Blue,87.9,12.1,Urban,2020,0.0010586615397615512
NY,60.9,37.7,Biden,23.2,Blue,87.9,12.1,Urban,2021,43.320970344611055
NY,60.9,37.7,Biden,23.2,Blue,87.9,12.1,Urban,2022,76.19398939416904
NY,60.9,37.7,Biden,23.2,Blue,87.9,12.1,Urban,2023,80.82974601600407
NC,48.6,49.9,Trump,1.3,Red,66.1,33.9,Mixed,2020,4.1149455645895006e-05
NC,48.6,49.9,Trump,1.3,Red,66.1,33.9,Mixed,2021,34.81347369437127
NC,48.6,49.9,Trump,1.3,Red,66.1,33.9,Mixed,2022,60.56208389224601
NC,48.6,49.9,Trump,1.3,Red,66.1,33.9,Mixed,2023,67.06929351543393
ND,31.8,65.1,Trump,33.3,Red,59.9,40.1,Mixed,2020,0.0003107911236397536
ND,31.8,65.1,Trump,33.3,Red,59.9,40.1,Mixed,2021,32.73013057615166
ND,31.8,65.1,Trump,33.3,Red,59.9,40.1,Mixed,2022,54.993976868023864
ND,31.8,65.1,Trump,33.3,Red,59.9,40.1,Mixed,2023,58.6743598289903
OH,45.2,53.3,Trump,8.1,Red,77.9,22.1,Urban,2020,3.6471224429056486e-05
OH,45.2,53.3,Trump,8.1,Red,77.9,22.1,Urban,2021,31.677725636680844
OH,45.2,53.3,Trump,8.1,Red,77.9,22.1,Urban,2022,58.00508924707195
OH,45.2,53.3,Trump,8.1,Red,77.9,22.1,Urban,2023,60.48994812531152
OK,32.3,65.4,Trump,33.1,Red,66.2,33.8,Mixed,2020,0.0010388062777790066
OK,32.3,65.4,Trump,33.1,Red,66.2,33.8,Mixed,2021,33.17160954333539
OK,32.3,65.4,Trump,33.1,Red,66.2,33.8,Mixed,2022,56.69226686206088
OK,32.3,65.4,Trump,33.1,Red,66.2,33.8,Mixed,2023,60.49057540011765
OR,56.5,40.4,Biden,16.1,Blue,81.0,19.0,Urban,2020,2.6205122744607756e-05
OR,56.5,40.4,Biden,16.1,Blue,81.0,19.0,Urban,2021,41.27732062614464
OR,56.5,40.4,Biden,16.1,Blue,81.0,19.0,Urban,2022,69.18085110205197
OR,56.5,40.4,Biden,16.1,Blue,81.0,19.0,Urban,2023,72.44927290330536
PA,50.0,48.8,Biden,1.2,Blue,78.7,21.3,Urban,2020,0.0011470257103264024
PA,50.0,48.8,Biden,1.2,Blue,78.7,21.3,Urban,2021,39.262055102081916
PA,50.0,48.8,Biden,1.2,Blue,78.7,21.3,Urban,2022,67.84981622977813
PA,50.0,48.8,Biden,1.2,Blue,78.7,21.3,Urban,2023,73.4417058572942
RI,59.4,38.6,Biden,20.8,Blue,90.9,9.1,Urban,2020,0.0
RI,59.4,38.6,Biden,20.8,Blue,90.9,9.1,Urban,2021,44.69826777069915
RI,59.4,38.6,Biden,20.8,Blue,90.9,9.1,Urban,2022,81.68507193221149
RI,59.4,38.6,Biden,20.8,Blue,90.9,9.1,Urban,2023,87.75738144827028
SC,43.4,55.1,Trump,11.7,Red,66.3,33.7,Mixed,2020,6.0311432289591865e-05
SC,43.4,55.1,Trump,11.7,Red,66.3,33.7,Mixed,2021,32.334501604845485
SC,43.4,55.1,Trump,11.7,Red,66.3,33.7,Mixed,2022,56.43543840168085
SC,43.4,55.1,Trump,11.7,Red,66.3,33.7,Mixed,2023,59.90582359625704
SD,35.6,61.8,Trump,26.2,Red,56.7,43.3,Mixed,2020,8.329108789524075e-05
SD,35.6,61.8,Trump,26.2,Red,56.7,43.3,Mixed,2021,37.31292331243738
SD,35.6,61.8,Trump,26.2,Red,56.7,43.3,Mixed,2022,60.874960918593544
SD,35.6,61.8,Trump,26.2,Red,56.7,43.3,Mixed,2023,66.28117369755495
TN,37.5,60.7,Trump,23.2,Red,66.4,33.6,Mixed,2020,0.00611848673445951
TN,37.5,60.7,Trump,23.2,Red,66.4,33.6,Mixed,2021,30.95289728594747
TN,37.5,60.7,Trump,23.2,Red,66.4,33.6,Mixed,2022,53.99287482250078
TN,37.5,60.7,Trump,23.2,Red,66.4,33.6,Mixed,2023,56.276613278637555
TX,46.5,52.1,Trump,5.6,Red,84.7,15.3,Urban,2020,0.0
TX,46.5,52.1,Trump,5.6,Red,84.7,15.3,Urban,2021,10.660780443121919
TX,46.5,52.1,Trump,5.6,Red,84.7,15.3,Urban,2022,60.620219445333255
TX,46.5,52.1,Trump,5.6,Red,84.7,15.3,Urban,2023,63.294023872236416
UT,37.6,58.1,Trump,20.5,Red,90.6,9.4,Urban,2020,0.00018386818673561111
UT,37.6,58.1,Trump,20.5,Red,90.6,9.4,Urban,2021,32.73610024390632
UT,37.6,58.1,Trump,20.5,Red,90.6,9.4,Urban,2022,63.379243047491975
UT,37.6,58.1,Trump,20.5,Red,90.6,9.4,Urban,2023,66.7554859453949
VT,66.1,30.7,Biden,35.4,Blue,38.9,61.1,Rural,2020,0.0012567697929222943
VT,66.1,30.7,Biden,35.4,Blue,38.9,61.1,Rural,2021,48.196095922572574
VT,66.1,30.7,Biden,35.4,Blue,38.9,61.1,Rural,2022,80.80898040156937
VT,66.1,30.7,Biden,35.4,Blue,38.9,61.1,Rural,2023,85.73233114517622
VA,54.1,44.0,Biden,10.1,Blue,75.5,24.5,Urban,2020,0.00040326842025164433
VA,54.1,44.0,Biden,10.1,Blue,75.5,24.5,Urban,2021,41.327135612125836
VA,54.1,44.0,Biden,10.1,Blue,75.5,24.5,Urban,2022,72.48343034829831
VA,54.1,44.0,Biden,10.1,Blue,75.5,24.5,Urban,2023,76.62102697902112
WA,58.0,38.8,Biden,19.2,Blue,84.1,15.9,Urban,2020,0.0002356877295722032
WA,58.0,38.8,Biden,19.2,Blue,84.1,15.9,Urban,2021,42.261735303275714
WA,58.0,38.8,Biden,19.2,Blue,84.1,15.9,Urban,2022,71.88670593876418
WA,58.0,38.8,Biden,19.2,Blue,84.1,15.9,Urban,2023,76.10729464789038
WV,29.7,68.6,Trump,38.9,Red,48.7,51.3,Rural,2020,9.397725333445245e-05
WV,29.7,68.6,Trump,38.9,Red,48.7,51.3,Rural,2021,31.55161111531557
WV,29.7,68.6,Trump,38.9,Red,48.7,51.3,Rural,2022,57.23484679234403
WV,29.7,68.6,Trump,38.9,Red,48.7,51.3,Rural,2023,59.68547340439325
WI,49.4,48.8,Biden,0.6,Blue,70.2,29.8,Urban,2020,0.00033807528820963516
WI,49.4,48.8,Biden,0.6,Blue,70.2,29.8,Urban,2021,39.58281929459609
WI,49.4,48.8,Biden,0.6,Blue,70.2,29.8,Urban,2022,65.0424831141418
WI,49.4,48.8,Biden,0.6,Blue,70.2,29.8,Urban,2023,68.22368174727723
WY,26.6,69.9,Trump,43.3,Red,64.9,35.1,Mixed,2020,0.0015095820722033106
WY,26.6,69.9,Trump,43.3,Red,64.9,35.1,Mixed,2021,29.70630806723512
WY,26.6,69.9,Trump,43.3,Red,64.9,35.1,Mixed,2022,50.75543644422918
WY,26.6,69.9,Trump,43.3,Red,64.9,35.1,Mixed,2023,53.014530818709105
